{"cameraMode":{"drawMode":0,"name":"Shaded","section":"Shading Mode"},"sceneLighting":false,"audioPlay":false,"sceneViewState":{"showFog":false,"showMaterialUpdate":false,"showSkybox":false,"showFlares":false,"showImageEffects":false,"showParticleSystems":false},"in2DMode":false,"pivot":{"x":4.399045944213867,"y":1.9394426345825196,"z":0.35927772521972659},"rotation":{"x":0.0533793605864048,"y":0.01409126166254282,"z":-0.0008436859934590757,"w":0.9985352754592896},"size":5.250552177429199,"orthographic":false}