{"cameraMode":{"drawMode":0,"name":"Shaded","section":"Shading Mode"},"sceneLighting":false,"audioPlay":false,"sceneViewState":{"showFog":false,"showMaterialUpdate":false,"showSkybox":false,"showFlares":false,"showImageEffects":false,"showParticleSystems":false},"in2DMode":false,"pivot":{"x":-1.0920920372009278,"y":1.2342087030410767,"z":-0.3562038838863373},"rotation":{"x":-0.07119389623403549,"y":0.7081379890441895,"z":-0.07197818160057068,"w":-0.6988568902015686},"size":3.3676202297210695,"orthographic":false}