{"cameraMode":{"drawMode":0,"name":"Shaded","section":"Shading Mode"},"sceneLighting":false,"audioPlay":false,"sceneViewState":{"showFog":false,"showMaterialUpdate":false,"showSkybox":false,"showFlares":false,"showImageEffects":false,"showParticleSystems":false},"in2DMode":false,"pivot":{"x":-0.8226571679115295,"y":1.5643184185028077,"z":-0.9254648685455322},"rotation":{"x":0.06921011954545975,"y":-0.2437819540500641,"z":0.01735052280128002,"w":0.9672645330429077},"size":0.7505515813827515,"orthographic":false}